2454853912,0.0,0.0
2610003336,0.0,0.0
25071754423,0.0,0.0
2375190453,0.0,0.0
4077458671,35.014708,138.922408
8727409533,34.973188,138.383231
2610012980,0.0,0.0
1502345068,0.0,0.0
2610006548,0.0,0.0
7571856896,34.996816,138.45726
2170478087,0.0,0.0
4177355356,0.0,0.0
2610003804,0.0,0.0
16835362560,34.968594,138.38908
4177294078,0.0,0.0
2609174135,0.0,0.0
4177346850,0.0,0.0
4177354242,0.0,0.0
4177347944,0.0,0.0
3372924935,0.0,0.0
2609175101,0.0,0.0
2170478091,0.0,0.0
5117142661,0.0,0.0
4177292662,0.0,0.0
1502329202,0.0,0.0
2864331523,34.982612,138.417606
5117744436,0.0,0.0
5117141583,0.0,0.0
2369682635,0.0,0.0
2598697891,0.0,0.0
2599527424,0.0,0.0
5117746462,0.0,0.0
23591670031,0.0,0.0
15898978845,0.0,0.0
15873181396,0.0,0.0
255783845,34.743446,137.970685
28928234838,0.0,0.0
52133657239,0.0,0.0
46227982934,0.0,0.0
52133416761,0.0,0.0
47265098341,0.0,0.0
42752262572,0.0,0.0
23012041822,0.0,0.0
52133416846,0.0,0.0
42801448371,0.0,0.0
519988834,34.980924,138.462667
52382828933,0.0,0.0
52395946641,0.0,0.0
52132400142,0.0,0.0
42752262192,0.0,0.0
52132400097,0.0,0.0
42752262412,0.0,0.0
519969617,0.0,0.0
42801448091,0.0,0.0
42752261912,0.0,0.0
52381153822,0.0,0.0
520021281,34.953985,138.445501
2409439861,35.120891,138.606605
52132400007,0.0,0.0
52133416961,0.0,0.0
519928546,0.0,0.0
52132400202,0.0,0.0
52395946726,0.0,0.0
42752262872,0.0,0.0
22607201538,0.0,0.0
52133657354,0.0,0.0
52133417006,0.0,0.0
519922976,0.0,0.0
520019715,34.980924,138.462667
25354102103,0.0,0.0
519988408,34.980924,138.462667
520010531,0.0,0.0
519986498,34.980924,138.462667
6514979237,0.0,0.0
520017665,34.980924,138.462667
48895629231,0.0,0.0
519948377,35.022967,138.47949
519950408,0.0,0.0
519979429,0.0,0.0
26992953816,0.0,0.0
32054026232,34.971105,138.389633
8112264946,0.0,0.0
8112578312,0.0,0.0
52382828758,0.0,0.0
8112504563,0.0,0.0
8112458912,0.0,0.0
8112834755,0.0,0.0
8112609462,0.0,0.0
8112647294,0.0,0.0
8112727252,0.0,0.0
519960102,0.0,0.0
8112536791,0.0,0.0
46687406572,34.972241,138.389797
8112292038,0.0,0.0
45824612355,34.972277,138.389811
519985390,34.980924,138.462667
8112765011,0.0,0.0
8675739156,0.0,0.0
8675738468,0.0,0.0
6801215499,0.0,0.0
3983381529,0.0,0.0
8674634567,0.0,0.0
8675738792,0.0,0.0
48559767137,0.0,0.0
8675739796,0.0,0.0
52204653853,0.0,0.0
13668339983,0.0,0.0
2599505154,0.0,0.0
1634073875,0.0,0.0
6546815405,0.0,0.0
41677338860,0.0,0.0
49514915213,0.0,0.0
50875654806,34.971519,138.389224
51909429830,0.0,0.0
49844875301,34.972477,138.388533
297170145,34.97586,138.408508
8112231269,0.0,0.0
49844330618,34.9735,138.388205
50875655301,34.971444,138.389113
28285782012,0.0,0.0
192575416,0.0,0.0
192576670,0.0,0.0
49844330493,34.971925,138.387094
52556520599,0.0,0.0
2174965253,0.0,0.0
2406859630,0.0,0.0
51908802026,0.0,0.0
27370226117,0.0,0.0
1634073877,0.0,0.0
44419709292,0.0,0.0
27244686350,0.0,0.0
9436117094,35.310001,138.963501
5450925219,34.983638,138.375825
9433332687,34.688835,137.602829
50992107496,0.0,0.0
26600598967,0.0,0.0
3991448691,0.0,0.0
2167639236,35.100529,138.84221
339015028,0.0,0.0
9436104876,34.688835,137.602997
28367926598,0.0,0.0
9436103540,34.688835,137.602661
2175769572,0.0,0.0
9436115888,35.311001,138.965164
9433335589,34.698334,137.656326
9433338045,34.698002,137.645828
9433340335,35.311001,138.965164
27370230687,0.0,0.0
4856299656,0.0,0.0
113319790,0.0,0.0
28367927548,0.0,0.0
14315760407,0.0,0.0
10837454006,0.0,0.0
2777507463,0.0,0.0
2174994671,0.0,0.0
5003977566,0.0,0.0
2174964597,0.0,0.0
6297836407,34.973055,138.390325
14500888474,0.0,0.0
6251112921,0.0,0.0
9433344119,35.313835,138.962173
22653481199,0.0,0.0
6664851973,0.0,0.0
3715605049,0.0,0.0
14479106616,0.0,0.0
27370225837,0.0,0.0
9436113472,35.310001,138.963501
4856269828,0.0,0.0
51907831672,0.0,0.0
251108414,0.0,0.0
2174970593,0.0,0.0
28507535616,0.0,0.0
7664522826,0.0,0.0
5915084758,0.0,0.0
2174969035,0.0,0.0
3377739130,0.0,0.0
2174972127,0.0,0.0
9433346527,35.707001,139.813828
4855652525,0.0,0.0
27370226687,0.0,0.0
2778363578,0.0,0.0
5914526451,0.0,0.0
5316153224,0.0,0.0
41989764042,0.0,0.0
28367923998,0.0,0.0
51751997633,0.0,0.0
5315553141,0.0,0.0
51908802086,0.0,0.0
573895437,35.371694,138.926496
28367924978,0.0,0.0
573894663,35.371694,138.926496
5915086558,0.0,0.0
41339679555,0.0,0.0
14562521475,0.0,0.0
41339685275,0.0,0.0
573614490,35.371694,138.926496
573638190,35.003425,138.539056
2174994435,0.0,0.0
573905935,34.972062,138.390569
14979928466,0.0,0.0
11621109314,35.307666,138.967333
25027024090,0.0,0.0
11133657536,0.0,0.0
573889103,35.371694,138.926496
25322675795,0.0,0.0
22999498246,0.0,0.0
27370228857,0.0,0.0
42240942041,0.0,0.0
2174976921,0.0,0.0
27244695450,0.0,0.0
42240939121,0.0,0.0
573911117,35.003425,138.539056
6664853535,0.0,0.0
2174968041,0.0,0.0
3112248429,0.0,0.0
2175012299,0.0,0.0
28367914898,0.0,0.0
573896917,0.0,0.0
573629362,34.972062,138.390569
573906731,34.972062,138.390569
573625830,34.972062,138.390569
573892373,35.371694,138.926496
24692060284,0.0,0.0
24695924753,0.0,0.0
573908587,35.003425,138.539056
41339685705,0.0,0.0
14498817611,0.0,0.0
573623558,34.972062,138.390569
573641458,35.003425,138.539056
24695906793,0.0,0.0
2175780304,0.0,0.0
28367923448,0.0,0.0
24692046414,0.0,0.0
25027076240,0.0,0.0
27370227547,0.0,0.0
25296418046,0.0,0.0
2438845106,35.115836,138.584461
2174969935,0.0,0.0
28367913088,0.0,0.0
573626740,34.972062,138.390569
41989763872,0.0,0.0
44469464231,0.0,0.0
2175802926,0.0,0.0
573619154,0.0,0.0
25229577251,0.0,0.0
573919685,0.0,0.0
573903363,34.972062,138.390569
573918365,0.0,0.0
7162870834,0.0,0.0
5315554677,0.0,0.0
25229622561,0.0,0.0
573633452,35.003425,138.539056
44469466431,0.0,0.0
5315553693,0.0,0.0
2174966697,0.0,0.0
24692093454,0.0,0.0
25322689915,0.0,0.0
24695997063,0.0,0.0
24955030849,0.0,0.0
25027142210,0.0,0.0
2928140570,0.0,0.0
5315557725,0.0,0.0
27370231657,0.0,0.0
2175015709,0.0,0.0
25296466096,0.0,0.0
573643424,35.003425,138.539056
28367924528,0.0,0.0
297169925,34.973891,138.385848
573894091,35.371694,138.926496
5315555655,0.0,0.0
573899305,34.972062,138.390569
5316147288,0.0,0.0
2174977609,0.0,0.0
25027027250,0.0,0.0
42240942581,0.0,0.0
42660346970,0.0,0.0
27449052301,0.0,0.0
24692143714,0.0,0.0
41339686515,0.0,0.0
27370227097,0.0,0.0
5315559829,0.0,0.0
5315556485,0.0,0.0
2598688627,0.0,0.0
5315558245,0.0,0.0
573897603,35.097861,138.552961
5325785711,0.0,0.0
17199337181,0.0,0.0
24692121954,0.0,0.0
2175762322,0.0,0.0
5316153862,0.0,0.0
28367913668,0.0,0.0
3113074080,0.0,0.0
25027031340,0.0,0.0
14058259326,35.120281,138.311462
3994444304,0.0,0.0
2599525490,0.0,0.0
5316148166,0.0,0.0
5315551989,0.0,0.0
25322732205,0.0,0.0
5315558519,0.0,0.0
27776637009,0.0,0.0
5316149358,0.0,0.0
5315555789,0.0,0.0
32585797760,35.141402,138.658661
32925672186,34.693005,137.603745
32585801840,35.143811,138.673691
32812480732,35.141055,138.656508
32123122534,34.692986,137.60373
255783806,34.743446,137.970685
32585800200,35.141761,138.660796
5653985322,0.0,0.0
17983891334,0.0,0.0
4077459151,35.011425,138.920227
4078206000,34.890952,139.13835
4077460369,35.013372,138.921738
5117142197,0.0,0.0
3371420324,0.0,0.0
4176589863,0.0,0.0
4177351590,0.0,0.0
5117141111,0.0,0.0
2370516592,0.0,0.0
8112916529,0.0,0.0
2175758370,0.0,0.0
573887679,35.371694,138.926496
3060607605,0.0,0.0
51159236968,0.0,0.0
2174974441,0.0,0.0
573889893,35.371694,138.926496
573628776,34.972062,138.390569
2174976059,0.0,0.0
25204474372,0.0,0.0
573646146,0.0,0.0
2599534452,0.0,0.0
24692151224,0.0,0.0
3992208040,0.0,0.0
51154521752,0.0,0.0
51156314110,0.0,0.0
51156318670,0.0,0.0
51154536232,0.0,0.0
51155446583,0.0,0.0
51154536347,0.0,0.0
51155442398,0.0,0.0
51156314680,0.0,0.0
51156313350,0.0,0.0
51154530777,0.0,0.0
51155204561,0.0,0.0
51155221276,0.0,0.0
51156008109,0.0,0.0
51155992089,0.0,0.0
51155439548,0.0,0.0
51154536102,0.0,0.0
51155205926,0.0,0.0
51155993519,0.0,0.0
51155211436,0.0,0.0
51156302580,0.0,0.0
51155451543,0.0,0.0
51156006639,0.0,0.0
51155210836,0.0,0.0
51155204056,0.0,0.0
51156008504,0.0,0.0
51156302445,0.0,0.0
51155216921,0.0,0.0
51155204471,0.0,0.0
51154548722,0.0,0.0
51154537012,0.0,0.0
51154553167,0.0,0.0
51156308995,0.0,0.0
51155452543,0.0,0.0
51155445728,0.0,0.0
51156309190,0.0,0.0
51155205161,0.0,0.0
51155977459,0.0,0.0
51155438863,0.0,0.0
51156313235,0.0,0.0
51155438598,0.0,0.0
51155999854,0.0,0.0
51155207366,0.0,0.0
51155447378,0.0,0.0
51156330020,0.0,0.0
51155455983,0.0,0.0
51156302025,0.0,0.0
51155213466,0.0,0.0
51155223126,0.0,0.0
51154542477,0.0,0.0
51155192231,0.0,0.0
51154550487,0.0,0.0
51155979714,0.0,0.0
51155205771,0.0,0.0
51156302125,0.0,0.0
51154535977,0.0,0.0
51155989249,0.0,0.0
51155193816,0.0,0.0
51154552762,0.0,0.0
51155222676,0.0,0.0
51154551552,0.0,0.0
51154523887,0.0,0.0
51155456138,0.0,0.0
51155447963,0.0,0.0
51155997069,0.0,0.0
51156299975,0.0,0.0
51155456228,0.0,0.0
51155211606,0.0,0.0
51156009394,0.0,0.0
51155203991,0.0,0.0
51155436648,0.0,0.0
51154548907,0.0,0.0
51156008579,0.0,0.0
51155193146,0.0,0.0
51154523602,0.0,0.0
51156299290,0.0,0.0
51155977889,0.0,0.0
51155219016,0.0,0.0
51154541237,0.0,0.0
51155223301,0.0,0.0
51154524177,0.0,0.0
51155222026,0.0,0.0
51155992729,0.0,0.0
51154523557,0.0,0.0
51156309250,0.0,0.0
51155990319,0.0,0.0
51155988724,0.0,0.0
51154524432,0.0,0.0
51155451218,0.0,0.0
51154533952,0.0,0.0
51155998854,0.0,0.0
51155200666,0.0,0.0
51154548557,0.0,0.0
51155452223,0.0,0.0
51155456633,0.0,0.0
51155428078,0.0,0.0
51156326415,0.0,0.0
51154537372,0.0,0.0
51156308650,0.0,0.0
51156326120,0.0,0.0
51155211336,0.0,0.0
51154552297,0.0,0.0
51155221771,0.0,0.0
51155454493,0.0,0.0
51156299350,0.0,0.0
51155217261,0.0,0.0
51155219201,0.0,0.0
51156320530,0.0,0.0
51154543437,0.0,0.0
51155440268,0.0,0.0
51155451393,0.0,0.0
51154551072,0.0,0.0
51155213846,0.0,0.0
51156312315,0.0,0.0
51155436348,0.0,0.0
51155999464,0.0,0.0
51155992449,0.0,0.0
51154537502,0.0,0.0
51155455923,0.0,0.0
51155454138,0.0,0.0
51156329155,0.0,0.0
51155212031,0.0,0.0
51155438453,0.0,0.0
51156310295,0.0,0.0
51154522657,0.0,0.0
51156299725,0.0,0.0
51155977104,0.0,0.0
51154544032,0.0,0.0
51155989309,0.0,0.0
51156331110,0.0,0.0
51155456448,0.0,0.0
51155426708,0.0,0.0
51155222566,0.0,0.0
51155435458,0.0,0.0
51154550792,0.0,0.0
51156325845,0.0,0.0
51156328095,0.0,0.0
51154547297,0.0,0.0
51155980039,0.0,0.0
51155439613,0.0,0.0
51154547682,0.0,0.0
51156315130,0.0,0.0
51154543207,0.0,0.0
51155218541,0.0,0.0
51154533227,0.0,0.0
51156328825,0.0,0.0
51155203546,0.0,0.0
51155998444,0.0,0.0
51156299060,0.0,0.0
51154551342,0.0,0.0
51154531132,0.0,0.0
51156301165,0.0,0.0
51155987774,0.0,0.0
51155436438,0.0,0.0
51154550892,0.0,0.0
51156004144,0.0,0.0
51154531082,0.0,0.0
51155191031,0.0,0.0
51155988294,0.0,0.0
51156319255,0.0,0.0
51155997589,0.0,0.0
51156299890,0.0,0.0
51155203506,0.0,0.0
51155998184,0.0,0.0
51156321775,0.0,0.0
51154523462,0.0,0.0
51156300835,0.0,0.0
51155201941,0.0,0.0
51155447173,0.0,0.0
51155457463,0.0,0.0
51155988099,0.0,0.0
51155442298,0.0,0.0
51155206286,0.0,0.0
51155222466,0.0,0.0
51156321200,0.0,0.0
51155439073,0.0,0.0
51155990584,0.0,0.0
51155977724,0.0,0.0
51156009249,0.0,0.0
51156309325,0.0,0.0
51155452443,0.0,0.0
51155191516,0.0,0.0
51154523192,0.0,0.0
51155457733,0.0,0.0
51155457863,0.0,0.0
51156329570,0.0,0.0
51155221221,0.0,0.0
51154551227,0.0,0.0
51154549837,0.0,0.0
51154548797,0.0,0.0
51155451928,0.0,0.0
51154547757,0.0,0.0
51155214081,0.0,0.0
51155999679,0.0,0.0
51156321065,0.0,0.0
51155446863,0.0,0.0
51154542352,0.0,0.0
51154541722,0.0,0.0
51155210986,0.0,0.0
51154537792,0.0,0.0
51156313975,0.0,0.0
51155991419,0.0,0.0
51155439718,0.0,0.0
51156312910,0.0,0.0
51155204171,0.0,0.0
51155203791,0.0,0.0
51155990134,0.0,0.0
51155438938,0.0,0.0
51155203086,0.0,0.0
51154533722,0.0,0.0
51155989079,0.0,0.0
51155437748,0.0,0.0
51156310710,0.0,0.0
51156310650,0.0,0.0
51155436233,0.0,0.0
51156309640,0.0,0.0
51155436058,0.0,0.0
51155201001,0.0,0.0
51156308850,0.0,0.0
51155986259,0.0,0.0
51156301865,0.0,0.0
51155428348,0.0,0.0
51155979464,0.0,0.0
51156301120,0.0,0.0
51155427418,0.0,0.0
51154522897,0.0,0.0
51155978164,0.0,0.0
51155192016,0.0,0.0
51156300220,0.0,0.0
51156299790,0.0,0.0
51154521822,0.0,0.0
51156299220,0.0,0.0
3173953682,0.0,0.0
3173116697,0.0,0.0
7171955365,0.0,0.0
534216192,34.98008,138.38808
7357169832,0.0,0.0
7357169744,0.0,0.0
7171955159,0.0,0.0
7357169582,0.0,0.0
24014611058,0.0,0.0
24121968192,0.0,0.0
49198297168,35.167739,138.149557
24693141332,0.0,0.0
26982774031,0.0,0.0
32357513874,0.0,0.0
15043520095,0.0,0.0
14424012582,0.0,0.0
3670553799,0.0,0.0
16271340926,0.0,0.0
8376795602,0.0,0.0
8376795380,0.0,0.0
46100191255,0.0,0.0
14960326149,0.0,0.0
49679513797,0.0,0.0
49658922086,0.0,0.0
3823024171,0.0,0.0
2767153892,0.0,0.0
14783002063,0.0,0.0
3822990831,0.0,0.0
27030562285,0.0,0.0
210773892,0.0,0.0
38316805515,0.0,0.0
8376795212,0.0,0.0
28081930915,0.0,0.0
32171707560,0.0,0.0
33047003936,0.0,0.0
6546654359,0.0,0.0
33747799438,34.971821,138.836116
31912347145,0.0,0.0
5588371611,35.051286,138.095444
23260620613,0.0,0.0
4142171175,0.0,0.0
15551837660,0.0,0.0
5234379924,35.092945,138.93671
31764219012,0.0,0.0
46046828914,0.0,0.0
37910995566,35.098282,138.858947
38620203494,0.0,0.0
38450828925,0.0,0.0
15877045758,0.0,0.0
31102818713,0.0,0.0
24288646566,0.0,0.0
34152306584,0.0,0.0
31912246605,0.0,0.0
27979487472,0.0,0.0
6546647627,0.0,0.0
37254745634,35.098282,138.858947
55177880,0.0,0.0
31795446401,0.0,0.0
8960835946,0.0,0.0
34184552483,0.0,0.0
31912268005,0.0,0.0
6546649703,0.0,0.0
26992326736,0.0,0.0
15442189074,0.0,0.0
37933628662,35.098282,138.858947
97058051,0.0,0.0
11530242975,0.0,0.0
37799192692,34.903882,139.095668
28081931705,0.0,0.0
6546652763,0.0,0.0
31298056525,0.0,0.0
38991402045,0.0,0.0
8970272108,0.0,0.0
5588370973,34.95008,138.085725
3140086469,34.972062,138.390569
4300321952,0.0,0.0
16165861965,0.0,0.0
5588963730,34.953336,138.087661
14382479606,0.0,0.0
6463262597,0.0,0.0
4695959077,0.0,0.0
23494477018,0.0,0.0
26422169123,0.0,0.0
8162954523,0.0,0.0
14405634375,0.0,0.0
8162988850,0.0,0.0
27979488082,0.0,0.0
13789529403,0.0,0.0
5613134304,0.0,0.0
31874764006,0.0,0.0
13789843004,0.0,0.0
5586180558,0.0,0.0
8162985216,0.0,0.0
5890870036,0.0,0.0
28081923285,0.0,0.0
7241085458,35.001422,138.442702
8162988190,0.0,0.0
5501945517,34.79008,137.612427
32397385811,0.0,0.0
6463354439,0.0,0.0
57161461,0.0,0.0
13789846684,0.0,0.0
13755405825,0.0,0.0
16062554681,0.0,0.0
34995327415,0.0,0.0
5157727093,0.0,0.0
5588371249,34.962291,138.086119
5158351308,0.0,0.0
5158344432,0.0,0.0
6290923604,0.0,0.0
31874911706,0.0,0.0
5158247884,0.0,0.0
4650376860,0.0,0.0
13789851364,0.0,0.0
15444835733,0.0,0.0
16038705336,0.0,0.0
5158351936,0.0,0.0
15129517866,0.0,0.0
5157725579,0.0,0.0
6463435369,0.0,0.0
16151343492,0.0,0.0
5158352254,0.0,0.0
7911333110,35.103,138.6665
5157731447,0.0,0.0
5157727535,0.0,0.0
15149562741,0.0,0.0
5157745507,0.0,0.0
5157736399,0.0,0.0
7848397282,0.0,0.0
15546092693,0.0,0.0
5157735761,0.0,0.0
5158335408,0.0,0.0
15152582045,0.0,0.0
27801321840,0.0,0.0
16063797322,0.0,0.0
37782218636,34.903882,139.095668
5157724019,0.0,0.0
5157723845,0.0,0.0
39726312960,0.0,0.0
15129541626,0.0,0.0
26148249699,34.903882,139.095668
16126311736,0.0,0.0
97058082,0.0,0.0
5157734669,0.0,0.0
5158333836,0.0,0.0
5158241372,0.0,0.0
5157744629,0.0,0.0
14219152547,0.0,0.0
13789521705,0.0,0.0
5157740381,0.0,0.0
5158348572,0.0,0.0
5157740787,0.0,0.0
5158346806,0.0,0.0
5158350970,0.0,0.0
6463332079,0.0,0.0
31183034971,0.0,0.0
5157732891,0.0,0.0
5157726669,0.0,0.0
5157744309,0.0,0.0
5157724859,0.0,0.0
30929922180,0.0,0.0
5157733291,0.0,0.0
14965921930,0.0,0.0
5284903241,0.0,0.0
15878727907,0.0,0.0
5158340304,0.0,0.0
5157728027,0.0,0.0
5157659105,0.0,0.0
15532364243,0.0,0.0
5158341928,0.0,0.0
5157657005,0.0,0.0
5157739605,0.0,0.0
5157734117,0.0,0.0
16670134966,0.0,0.0
5158339326,0.0,0.0
5157725091,0.0,0.0
5588371487,34.962291,138.086119
8162986648,0.0,0.0
8162987322,0.0,0.0
51154521752,0.0,0.0,2021-05-03 09:47:30,静岡
51156314110,0.0,0.0,2021-05-03 10:25:05,静岡
51155448633,0.0,0.0,2021-05-03 11:11:37,静岡
51156318670,0.0,0.0,2021-05-03 12:56:26,静岡
51154536232,0.0,0.0,2021-05-03 10:26:39,静岡
51155205676,0.0,0.0,2021-05-03 10:25:02,静岡
51155446583,0.0,0.0,2021-05-03 11:55:38,静岡
51154536347,0.0,0.0,2021-05-03 10:25:22,静岡
51155442398,0.0,0.0,2021-05-03 10:21:46,静岡
51156313350,0.0,0.0,2021-05-03 10:27:09,静岡
51154530777,0.0,0.0,2021-05-03 11:09:06,静岡
51155204561,0.0,0.0,2021-05-03 10:28:33,静岡
51155221276,0.0,0.0,2021-05-03 14:52:32,静岡
51156008109,0.0,0.0,2021-05-03 14:41:16,静岡
51155992089,0.0,0.0,2021-05-03 10:25:09,静岡
51155439548,0.0,0.0,2021-05-03 10:30:15,静岡
51154536102,0.0,0.0,2021-05-03 10:26:46,静岡
51155216691,0.0,0.0,2021-05-03 16:33:50,静岡
51155205926,0.0,0.0,2021-05-03 10:24:37,静岡
51155993519,0.0,0.0,2021-05-03 10:23:38,静岡
51155211436,0.0,0.0,2021-05-03 12:13:40,静岡
51156302580,0.0,0.0,2021-05-02 20:15:16,静岡
51155451543,0.0,0.0,2021-05-03 16:26:16,静岡
51156006639,0.0,0.0,2021-05-03 15:00:54,静岡
51155210836,0.0,0.0,2021-05-03 12:56:24,静岡
51155204056,0.0,0.0,2021-05-03 10:33:00,静岡
51156008504,0.0,0.0,2021-05-03 14:32:53,静岡
51156302445,0.0,0.0,2021-05-02 20:15:19,静岡
51155216921,0.0,0.0,2021-05-03 16:26:14,静岡
51154548722,0.0,0.0,2021-05-03 15:49:22,静岡
51154537012,0.0,0.0,2021-05-03 10:24:34,静岡
51155988819,0.0,0.0,2021-05-03 10:39:54,静岡
51154553167,0.0,0.0,2021-05-03 14:25:25,静岡
51156308995,0.0,0.0,2021-05-03 10:46:12,静岡
51155452543,0.0,0.0,2021-05-03 15:52:20,静岡
51156309190,0.0,0.0,2021-05-03 10:45:10,静岡
51155205161,0.0,0.0,2021-05-03 10:26:43,静岡
51155997969,0.0,0.0,2021-05-03 12:13:38,静岡
51155438863,0.0,0.0,2021-05-03 10:35:30,静岡
51155222296,0.0,0.0,2021-05-03 14:32:28,静岡
51155456273,0.0,0.0,2021-05-03 14:46:15,静岡
51156313235,0.0,0.0,2021-05-03 10:28:27,静岡
51155438598,0.0,0.0,2021-05-03 10:36:41,静岡
51155999854,0.0,0.0,2021-05-03 11:27:03,静岡
51155447463,0.0,0.0,2021-05-03 11:53:40,静岡
51155207366,0.0,0.0,2021-05-03 10:20:03,静岡
51155447378,0.0,0.0,2021-05-03 11:53:44,静岡
51156330020,0.0,0.0,2021-05-03 14:26:36,静岡
51155455983,0.0,0.0,2021-05-03 14:51:53,静岡
51156302025,0.0,0.0,2021-05-02 20:17:44,静岡
51155213466,0.0,0.0,2021-05-03 11:14:38,静岡
51155223126,0.0,0.0,2021-05-03 13:22:33,静岡
51154542477,0.0,0.0,2021-05-03 11:55:48,静岡
51155192231,0.0,0.0,2021-05-03 08:58:57,静岡
51154550487,0.0,0.0,2021-05-03 15:01:04,静岡
51155979714,0.0,0.0,2021-05-02 20:17:47,静岡
51155205771,0.0,0.0,2021-05-03 10:24:57,静岡
51154535977,0.0,0.0,2021-05-03 10:27:01,静岡
51155193816,0.0,0.0,2021-05-02 20:15:24,静岡
51154552762,0.0,0.0,2021-05-03 14:27:22,静岡
51155222676,0.0,0.0,2021-05-03 14:25:34,静岡
51154551552,0.0,0.0,2021-05-03 14:52:58,静岡
51154523887,0.0,0.0,2021-05-03 08:57:06,静岡
51155456138,0.0,0.0,2021-05-03 14:50:08,静岡
51155447963,0.0,0.0,2021-05-03 11:27:05,静岡
51155997069,0.0,0.0,2021-05-03 11:53:17,静岡
51156299975,0.0,0.0,2021-05-03 09:06:07,静岡
51155456228,0.0,0.0,2021-05-03 14:49:18,静岡
51155211606,0.0,0.0,2021-05-03 12:13:36,静岡
51156009394,0.0,0.0,2021-05-03 13:22:55,静岡
51155203991,0.0,0.0,2021-05-03 10:33:03,静岡
51155436648,0.0,0.0,2021-05-03 10:41:25,静岡
51156008579,0.0,0.0,2021-05-03 14:32:48,静岡
51155193146,0.0,0.0,2021-05-03 08:57:22,静岡
51154523602,0.0,0.0,2021-05-03 08:57:45,静岡
51156299290,0.0,0.0,2021-05-03 09:47:36,静岡
51155219016,0.0,0.0,2021-05-03 15:04:32,静岡
51154541237,0.0,0.0,2021-05-03 12:56:29,静岡
51155223301,0.0,0.0,2021-05-03 13:21:25,静岡
51154524177,0.0,0.0,2021-05-03 08:55:44,静岡
51155222026,0.0,0.0,2021-05-03 14:35:02,静岡
51155992729,0.0,0.0,2021-05-03 10:24:27,静岡
51154523557,0.0,0.0,2021-05-03 08:57:49,静岡
51156309250,0.0,0.0,2021-05-03 10:44:44,静岡
51155990319,0.0,0.0,2021-05-03 10:33:13,静岡
51155988724,0.0,0.0,2021-05-03 10:39:57,静岡
51154524432,0.0,0.0,2021-05-02 20:15:31,静岡
51155451218,0.0,0.0,2021-05-03 16:33:59,静岡
51155998854,0.0,0.0,2021-05-03 11:54:59,静岡
51155200666,0.0,0.0,2021-05-03 10:46:08,静岡
51154548557,0.0,0.0,2021-05-03 15:52:02,静岡
51155452223,0.0,0.0,2021-05-03 16:24:27,静岡
51155456633,0.0,0.0,2021-05-03 14:34:27,静岡
51155428078,0.0,0.0,2021-05-03 08:57:34,静岡
51156326415,0.0,0.0,2021-05-03 15:32:13,静岡
51154537372,0.0,0.0,2021-05-03 10:24:05,静岡
51156308650,0.0,0.0,2021-05-03 10:25:13,静岡
51156326120,0.0,0.0,2021-05-03 15:35:07,静岡
51155211336,0.0,0.0,2021-05-03 12:13:44,静岡
51154552297,0.0,0.0,2021-05-03 14:35:27,静岡
51155221771,0.0,0.0,2021-05-03 14:37:04,静岡
51155454493,0.0,0.0,2021-05-03 15:01:06,静岡
51156299350,0.0,0.0,2021-05-03 09:47:33,静岡
51155217261,0.0,0.0,2021-05-03 16:25:57,静岡
51155219201,0.0,0.0,2021-05-03 15:04:18,静岡
51156320530,0.0,0.0,2021-05-03 11:54:55,静岡
51154543437,0.0,0.0,2021-05-03 11:53:35,静岡
51155440268,0.0,0.0,2021-05-03 10:26:54,静岡
51154535612,0.0,0.0,2021-05-03 10:28:30,静岡
51154549487,0.0,0.0,2021-05-03 15:04:39,静岡
51155451393,0.0,0.0,2021-05-03 14:32:19,静岡
51154551072,0.0,0.0,2021-05-03 14:54:16,静岡
51155213846,0.0,0.0,2021-05-03 11:11:42,静岡
51156312315,0.0,0.0,2021-05-03 10:33:09,静岡
51155436348,0.0,0.0,2021-05-03 10:42:04,静岡
51155999464,0.0,0.0,2021-05-03 11:53:20,静岡
51155992449,0.0,0.0,2021-05-03 10:24:51,静岡
51154537502,0.0,0.0,2021-05-03 10:24:01,静岡
51155455923,0.0,0.0,2021-05-03 14:52:19,静岡
51156301040,0.0,0.0,2021-05-03 08:58:14,静岡
51155454138,0.0,0.0,2021-05-03 15:01:12,静岡
51156329155,0.0,0.0,2021-05-03 14:50:43,静岡
51155212031,0.0,0.0,2021-05-03 11:55:32,静岡
51155438453,0.0,0.0,2021-05-03 10:36:51,静岡
51156310295,0.0,0.0,2021-05-03 10:41:18,静岡
51156299725,0.0,0.0,2021-05-03 09:17:22,静岡
51155977104,0.0,0.0,2021-05-03 09:25:27,静岡
51154544032,0.0,0.0,2021-05-03 11:13:11,静岡
51155989309,0.0,0.0,2021-05-03 10:37:26,静岡
51156331110,0.0,0.0,2021-05-03 13:10:37,静岡
51155456448,0.0,0.0,2021-05-03 14:35:41,静岡
51155222566,0.0,0.0,2021-05-03 14:25:37,静岡
51155435458,0.0,0.0,2021-05-03 10:46:15,静岡
51154550792,0.0,0.0,2021-05-03 15:00:06,静岡
51156325845,0.0,0.0,2021-05-03 15:51:44,静岡
51156328095,0.0,0.0,2021-05-03 15:00:43,静岡
51154547297,0.0,0.0,2021-05-03 15:03:10,静岡
51155980039,0.0,0.0,2021-05-02 20:15:21,静岡
51155439613,0.0,0.0,2021-05-03 10:30:10,静岡
51154547682,0.0,0.0,2021-05-03 16:26:08,静岡
51156315130,0.0,0.0,2021-05-03 10:23:59,静岡
51154533227,0.0,0.0,2021-05-03 10:40:00,静岡
51156328825,0.0,0.0,2021-05-03 14:53:01,静岡
51155203546,0.0,0.0,2021-05-03 10:35:36,静岡
51155998444,0.0,0.0,2021-05-03 11:55:30,静岡
51156299060,0.0,0.0,2021-05-03 10:10:54,静岡
51154551342,0.0,0.0,2021-05-03 14:53:55,静岡
51154531132,0.0,0.0,2021-05-03 10:46:26,静岡
51156301165,0.0,0.0,2021-05-03 08:58:05,静岡
51155989019,0.0,0.0,2021-05-03 10:39:46,静岡
51155436438,0.0,0.0,2021-05-03 10:41:33,静岡
51154550892,0.0,0.0,2021-05-03 14:58:12,静岡
51156004144,0.0,0.0,2021-05-03 16:12:26,静岡
51154531082,0.0,0.0,2021-05-03 10:52:26,静岡
51155191031,0.0,0.0,2021-05-03 09:25:37,静岡
51155988294,0.0,0.0,2021-05-03 10:40:11,静岡
51155428003,0.0,0.0,2021-05-03 08:57:38,静岡
51156319255,0.0,0.0,2021-05-03 12:14:01,静岡
51156299550,0.0,0.0,2021-05-03 09:25:43,静岡
51156325720,0.0,0.0,2021-05-03 15:52:17,静岡
51155997589,0.0,0.0,2021-05-03 12:19:38,静岡
51156299890,0.0,0.0,2021-05-03 09:06:48,静岡
51155203506,0.0,0.0,2021-05-03 10:36:19,静岡
51155998184,0.0,0.0,2021-05-03 11:59:44,静岡
51156321775,0.0,0.0,2021-05-03 11:12:34,静岡
51154523462,0.0,0.0,2021-05-03 08:58:02,静岡
51156300835,0.0,0.0,2021-05-03 08:58:53,静岡
51155217371,0.0,0.0,2021-05-03 16:25:42,静岡
51155201941,0.0,0.0,2021-05-03 10:40:14,静岡
51155447173,0.0,0.0,2021-05-03 11:54:51,静岡
51155457463,0.0,0.0,2021-05-03 13:23:32,静岡
51155988099,0.0,0.0,2021-05-03 10:40:19,静岡
51155442298,0.0,0.0,2021-05-03 10:21:52,静岡
51155206286,0.0,0.0,2021-05-03 10:24:18,静岡
51155222466,0.0,0.0,2021-05-03 14:26:33,静岡
51156321200,0.0,0.0,2021-05-03 11:47:39,静岡
51155439073,0.0,0.0,2021-05-03 10:35:19,静岡
51155438408,0.0,0.0,2021-05-03 10:36:55,静岡
51155990584,0.0,0.0,2021-05-03 10:31:28,静岡
51155977724,0.0,0.0,2021-05-03 09:01:43,静岡
51156009249,0.0,0.0,2021-05-03 13:23:33,静岡
51156309325,0.0,0.0,2021-05-03 10:42:34,静岡
51155452443,0.0,0.0,2021-05-03 16:11:49,静岡
51155191516,0.0,0.0,2021-05-03 09:02:53,静岡
51154523192,0.0,0.0,2021-05-03 08:58:18,静岡
51155457863,0.0,0.0,2021-05-03 13:21:23,静岡
51156329570,0.0,0.0,2021-05-03 14:35:22,静岡
51155221221,0.0,0.0,2021-05-03 14:52:38,静岡
51154551227,0.0,0.0,2021-05-03 14:54:13,静岡
51154550987,0.0,0.0,2021-05-03 14:54:31,静岡
51155219686,0.0,0.0,2021-05-03 15:01:08,静岡
51154549837,0.0,0.0,2021-05-03 15:03:06,静岡
51156005314,0.0,0.0,2021-05-03 15:04:52,静岡
51154548797,0.0,0.0,2021-05-03 15:48:20,静岡
51155451928,0.0,0.0,2021-05-03 16:26:00,静岡
51154547757,0.0,0.0,2021-05-03 16:26:05,静岡
51155214081,0.0,0.0,2021-05-03 11:09:09,静岡
51155999679,0.0,0.0,2021-05-03 11:42:06,静岡
51156321065,0.0,0.0,2021-05-03 11:47:44,静岡
51155998699,0.0,0.0,2021-05-03 11:55:01,静岡
51155446863,0.0,0.0,2021-05-03 11:55:11,静岡
51154542352,0.0,0.0,2021-05-03 11:59:47,静岡
51154541722,0.0,0.0,2021-05-03 12:19:40,静岡
51155210986,0.0,0.0,2021-05-03 12:25:48,静岡
51154537792,0.0,0.0,2021-05-03 10:23:57,静岡
51156313975,0.0,0.0,2021-05-03 10:25:18,静岡
51155991419,0.0,0.0,2021-05-03 10:27:06,静岡
51155439718,0.0,0.0,2021-05-03 10:28:44,静岡
51156312910,0.0,0.0,2021-05-03 10:28:47,静岡
51155204171,0.0,0.0,2021-05-03 10:31:25,静岡
51155203791,0.0,0.0,2021-05-03 10:35:16,静岡
51155990134,0.0,0.0,2021-05-03 10:35:22,静岡
51155438938,0.0,0.0,2021-05-03 10:35:26,静岡
51155203431,0.0,0.0,2021-05-03 10:36:31,静岡
51156311645,0.0,0.0,2021-05-03 10:36:44,静岡
51155203086,0.0,0.0,2021-05-03 10:36:59,静岡
51154533722,0.0,0.0,2021-05-03 10:39:20,静岡
51155989079,0.0,0.0,2021-05-03 10:39:42,静岡
51155437748,0.0,0.0,2021-05-03 10:39:49,静岡
51156310710,0.0,0.0,2021-05-03 10:40:03,静岡
51156309640,0.0,0.0,2021-05-03 10:42:12,静岡
51155436058,0.0,0.0,2021-05-03 10:42:18,静岡
51155201001,0.0,0.0,2021-05-03 10:42:20,静岡
51156308850,0.0,0.0,2021-05-03 10:46:19,静岡
51155986259,0.0,0.0,2021-05-03 10:36:30,静岡
51156301865,0.0,0.0,2021-05-03 08:55:51,静岡
51155428348,0.0,0.0,2021-05-03 08:56:12,静岡
51155979464,0.0,0.0,2021-05-03 08:56:23,静岡
51156301120,0.0,0.0,2021-05-03 08:58:09,静岡
51155427418,0.0,0.0,2021-05-03 08:58:43,静岡
51154522897,0.0,0.0,2021-05-03 08:59:55,静岡
51155978164,0.0,0.0,2021-05-03 09:00:32,静岡
51155192016,0.0,0.0,2021-05-03 09:00:37,静岡
51156300220,0.0,0.0,2021-05-03 09:02:22,静岡
51156299790,0.0,0.0,2021-05-03 09:14:57,静岡
51154521822,0.0,0.0,2021-05-03 09:26:14,静岡
51156299220,0.0,0.0,2021-05-03 08:59:47,静岡
3173953682,0.0,0.0,2009-01-02 08:51:23,静岡
3173116697,0.0,0.0,2009-01-02 08:48:07,静岡
534030249,0.0,0.0,2007-06-07 11:04:47,静岡
7171955365,0.0,0.0,2001-02-02 12:58:38,静岡
534216192,34.98008,138.38808,2007-06-02 15:38:05,静岡
7357169832,0.0,0.0,2001-02-02 12:54:53,静岡
7357169744,0.0,0.0,2001-02-02 11:56:26,静岡
7171955159,0.0,0.0,2001-02-02 11:40:48,静岡
7357169582,0.0,0.0,2001-02-02 11:40:17,静岡
24121968192,0.0,0.0,2015-12-25 10:03:23,寸座駅（浜松市北区）
49198297168,35.167739,138.149557,2019-11-03 14:07:16,After the rain
24693141332,0.0,0.0,2016-01-25 13:30:25,見晴らしの良い席
26982774031,0.0,0.0,2016-05-14 16:44:01,「今日は楽しかったね〜＾＾」
32357513874,0.0,0.0,2017-03-01 10:11:52,蒼き山
15043520095,0.0,0.0,2014-05-20 16:34:08,Blue train
14424012582,0.0,0.0,2014-05-20 16:12:58,Life
3670553799,0.0,0.0,2009-06-28 20:48:58,奇跡の生しらす＠静岡
16271340926,0.0,0.0,2014-09-02 15:47:31,夏の想ひ出
8376795602,0.0,0.0,2013-01-13 23:15:52,奥浜名湖の夕景♡　- 静岡　奥浜名湖展望公園 -
8376795380,0.0,0.0,2013-01-13 23:15:47,奥浜名湖の夕景♡　- 静岡　奥浜名湖展望公園 -
46100191255,0.0,0.0,2018-11-08 13:05:55,静岡
14960326149,0.0,0.0,2014-09-02 16:11:27,たばこ　村上商店
49679513797,0.0,0.0,2020-02-07 13:50:25,静岡
49658922086,0.0,0.0,2020-02-07 12:49:33,静岡
3823024171,0.0,0.0,2009-08-16 02:08:58,素敵女子アイテム
2767153892,0.0,0.0,2008-08-15 19:50:26,静岡 浜松郵便局 風景印
49666453292,0.0,0.0,2020-02-07 13:51:44,静岡
14783002063,0.0,0.0,2014-05-20 13:01:03,カメラ目線
3822990831,0.0,0.0,2009-08-15 09:56:08,カフェ
27030562285,0.0,0.0,2015-09-21 18:06:28,静岡
5153403127,0.0,0.0,2010-11-07 14:21:03,駿河竹千筋細工（静岡）
210773892,0.0,0.0,2006-08-05 13:54:33,静岡
38316805515,0.0,0.0,2017-12-21 02:45:01,静岡   写ルンです
8376795212,0.0,0.0,2013-01-13 23:15:43,奥浜名湖の夕景♡　- 静岡　奥浜名湖展望公園 -
28081930915,0.0,0.0,2016-06-26 11:11:12,2016-06-26_11-11-16
32171707560,0.0,0.0,2017-01-02 11:55:48,Numazu
33047003936,0.0,0.0,2017-01-02 12:11:30,Air racing
33747799438,34.971821,138.836116,2019-03-31 18:13:34,twilight
31912347145,0.0,0.0,2016-07-01 06:16:19,P1010047
5588371611,35.051286,138.095444,2011-04-03 13:56:28,Train under a big sakura tree
23260620613,0.0,0.0,2015-12-21 05:10:16,静岡
37910995566,35.098282,138.858947,2014-06-01 00:00:00,沼津のにゃん05 (静岡-沼津)
15551837660,0.0,0.0,2014-09-20 17:55:38,夕陽と秋桜
5234379924,35.092945,138.93671,2010-12-05 15:01:20,Mt. Fuji and Series 7000
31764219012,0.0,0.0,2016-07-01 05:55:26,P1010021
46046828914,0.0,0.0,2019-01-17 13:00:36,L1330522C
16916543931,0.0,0.0,2015-03-24 11:08:32,"Mt.Fuji,Japan"
38620203494,0.0,0.0,2017-12-26 17:06:10,Fuji World Heritage Center / 静岡県富士山世界遺産センター (2017)
38450828925,0.0,0.0,2017-12-26 17:03:23,Fuji World Heritage Center / 静岡県富士山世界遺産センター (2017)
15877045758,0.0,0.0,2014-09-22 15:22:19,DSCF3244
31874714336,0.0,0.0,2016-07-01 06:02:22,P1010028
31102818713,0.0,0.0,2016-07-01 06:01:33,P1010024
24288646566,0.0,0.0,2015-12-20 09:20:16,ねこ温泉
31912246605,0.0,0.0,2016-07-01 06:10:34,P1010035
34152306584,0.0,0.0,2017-05-06 12:36:47,Model:ナナイさん
27979487472,0.0,0.0,2016-06-26 09:22:01,2016-06-26_09-22-02
6546647627,0.0,0.0,2011-12-20 09:17:49,shimizu shizuoka  静岡
5588371487,34.962291,138.086119,2011-04-03 13:24:55,Flower station
37254745634,35.098282,138.858947,2014-06-01 00:00:00,沼津のにゃん04 (静岡-沼津)
31795446401,0.0,0.0,2016-07-01 06:13:54,P1010043
55177880,0.0,0.0,2005-10-15 11:55:56,うなぎ石橋@静岡(2005-10-15)
8960835946,0.0,0.0,2011-08-06 11:21:36,鶏さん＠静岡・浅間大社。
34184552483,0.0,0.0,2017-05-06 12:28:55,Model:ナナイさん
31912268005,0.0,0.0,2016-07-01 06:11:44,P1010037
6546649703,0.0,0.0,2011-12-20 09:43:18,shimizu shizuoka  静岡
26992326736,0.0,0.0,2016-05-15 08:41:39,グランシップトレインフェスタ2016
15442189074,0.0,0.0,2014-09-22 15:35:15,DSCF3247
25459162978,0.0,0.0,2017-12-26 16:28:18,Fuji World Heritage Center / 静岡県富士山世界遺産センター (2017)
37933628662,35.098282,138.858947,2014-06-01 00:00:00,沼津のにゃん01 (静岡-沼津)
97058051,0.0,0.0,2005-01-03 12:11:59,富士山
11530242975,0.0,0.0,2013-12-23 16:57:41,三島駅
37799192692,34.903882,139.095668,2014-07-01 00:00:00,一碧湖04 (静岡-伊豆)
28081931705,0.0,0.0,2016-06-26 11:11:20,2016-06-26_11-11-22
6546652763,0.0,0.0,2011-12-20 09:24:18,shimizu shizuoka  静岡
31298056525,0.0,0.0,2016-11-26 12:23:18,IMG_5265
38991402045,0.0,0.0,2018-01-13 13:31:03,Kunouzan Toshogu
8970272108,0.0,0.0,2011-08-06 11:21:07,鶏さん＠静岡・浅間大社。
3140086469,34.972062,138.390569,2008-12-27 18:06:31,静岡
4300321952,0.0,0.0,2010-01-24 08:24:52,富士山
5588370973,34.95008,138.085725,2011-04-03 11:17:36,Series 21001 of Oigawa railway
31912321185,0.0,0.0,2016-07-01 06:14:54,P1010044
8162986648,0.0,0.0,2012-10-07 10:18:06,_MG_5959
5588963730,34.953336,138.087661,2011-04-03 08:49:08,Series 21001 departed Nukuri station
14382479606,0.0,0.0,2014-04-10 14:14:52,GR006648
6463262597,0.0,0.0,2011-12-05 10:15:36,ikawa shizuoka 静岡　落合？井川線
23494477018,0.0,0.0,2017-09-24 16:20:12,三島大社 @静岡
26422169123,0.0,0.0,2016-05-14 10:15:14,グランシップトレインフェスタ2016
8162954523,0.0,0.0,2012-10-07 00:56:48,_MG_5825
14405634375,0.0,0.0,2014-04-10 15:04:02,GR006704
8703395195,0.0,0.0,2013-05-02 10:11:23,竹林＠静岡市丸子　2013年5月2日10:11
8162988850,0.0,0.0,2012-10-06 17:55:47,_MG_5729
28909362157,0.0,0.0,2014-02-07 12:38:04,MOA Museum of Art
31874764006,0.0,0.0,2016-07-01 06:04:27,P1010031
27979488082,0.0,0.0,2016-06-26 09:30:59,2016-06-26_09-31-38
13789529403,0.0,0.0,2014-04-10 11:01:26,GR006581.jpg
5613134304,0.0,0.0,2011-04-12 14:16:30,Sakura
8162987322,0.0,0.0,2012-10-07 01:28:28,_MG_5851
13789843004,0.0,0.0,2014-04-10 12:01:53,GR006604.jpg
5586180558,0.0,0.0,2011-03-29 14:42:52,富士山こどもの国
8162985216,0.0,0.0,2012-10-06 17:42:16,_MG_5709
5890870036,0.0,0.0,2011-07-01 05:48:25,GR3 select 11 07 01.jpg
28081923285,0.0,0.0,2016-06-26 09:56:25,2016-06-26_09-56-28
7241085458,35.001422,138.442702,2012-05-19 13:08:02,Series 1000 exchanging near Kusanagi
5674994603,0.0,0.0,2011-04-29 14:51:39,DSC_4340
34607488000,0.0,0.0,2017-05-06 12:54:27,Model:ナナイさん
8162988190,0.0,0.0,2012-10-07 01:21:17,_MG_5835
5501945517,34.79008,137.612427,2011-03-06 15:49:07,Hamanako lake from Sunza station
5234379642,0.0,0.0,2010-12-05 14:44:38,Mt. Fuji and Izu-Hakone 1300
32397385811,0.0,0.0,2016-12-16 15:16:34,静岡 久能山東照宮
6463354439,0.0,0.0,2011-12-05 10:35:04,ikawa shizuoka 静岡　落合？井川線
57161461,0.0,0.0,2005-10-15 13:26:25,三保の松原@静岡(2005-10-15)
13789846684,0.0,0.0,2014-04-10 12:02:50,GR006605.jpg
13755405825,0.0,0.0,2014-04-10 15:18:50,GR006720
31912100895,0.0,0.0,2016-07-01 06:03:20,P1010030
31874911706,0.0,0.0,2016-07-01 06:12:59,P1010041
16062554681,0.0,0.0,2014-09-21 11:20:28,思い出
5157727093,0.0,0.0,2010-11-07 11:42:48,大道芸ワールドカップ
34995327415,0.0,0.0,2017-05-06 13:02:50,Model:ナナイさん
5158351308,0.0,0.0,2010-11-07 15:28:09,大道芸ワールドカップ
5158344432,0.0,0.0,2010-11-07 14:01:32,大道芸ワールドカップ
6290923604,0.0,0.0,2011-10-29 14:27:56,海
5158247884,0.0,0.0,2010-11-06 13:37:29,大道芸ワールドカップ2010
4650376860,0.0,0.0,2008-10-19 12:32:55,ED501 and Wamu at Hina station
13789851364,0.0,0.0,2014-04-10 12:09:39,GR006608.jpg
15444835733,0.0,0.0,2014-09-22 15:06:54,DSCF3233
16038705336,0.0,0.0,2014-09-21 11:35:51,チョコ
5158351936,0.0,0.0,2010-11-07 15:28:25,大道芸ワールドカップ
15129517866,0.0,0.0,2014-08-31 11:02:45,伊東駅
5157725579,0.0,0.0,2010-11-07 11:41:58,大道芸ワールドカップ
6463435369,0.0,0.0,2011-12-05 10:44:17,ikawa shizuoka 静岡　落合？井川線
16151343492,0.0,0.0,2014-12-30 15:59:23,千本浜1
5158352254,0.0,0.0,2010-11-07 16:13:33,大道芸ワールドカップ
7911333110,35.103,138.6665,2012-09-02 12:35:31,静岡駅前
5157731447,0.0,0.0,2010-11-07 13:00:44,大道芸ワールドカップ
5157727535,0.0,0.0,2010-11-07 11:42:52,大道芸ワールドカップ
15149562741,0.0,0.0,2014-08-31 10:13:45,伊東線
5157745507,0.0,0.0,2010-11-07 17:50:52,大道芸ワールドカップ
5157736399,0.0,0.0,2010-11-07 14:17:44,大道芸ワールドカップ
7848397282,0.0,0.0,2012-08-14 17:49:07,お風呂
15546092693,0.0,0.0,2014-12-31 19:09:07,SDIM1289
5157735761,0.0,0.0,2010-11-07 14:16:33,大道芸ワールドカップ
5158335408,0.0,0.0,2010-11-07 11:42:01,大道芸ワールドカップ
15152582045,0.0,0.0,2014-08-31 13:09:28,城ヶ崎海岸の松
16063797322,0.0,0.0,2014-09-20 17:50:50,電柱
37782218636,34.903882,139.095668,2014-07-01 00:00:00,一碧湖02 (静岡-伊豆)
5157723845,0.0,0.0,2010-11-07 11:16:58,大道芸ワールドカップ
39726312960,0.0,0.0,2018-04-18 02:23:53,IZU_Skyline-1
15129541626,0.0,0.0,2014-08-31 12:54:06,城ヶ崎ピクニカルコース
16126311736,0.0,0.0,2014-12-30 13:37:04,沼津御用邸
27801321840,0.0,0.0,2016-06-26 09:21:32,2016-06-26_09-21-36
97058082,0.0,0.0,2005-01-03 11:54:02,横顔
5158333836,0.0,0.0,2010-11-07 11:20:54,大道芸ワールドカップ
5158241372,0.0,0.0,2010-11-06 11:53:32,大道芸ワールドカップ2010
5157744629,0.0,0.0,2010-11-07 16:47:51,大道芸ワールドカップ
14219152547,0.0,0.0,2014-04-10 12:09:39,GR006608
13789521705,0.0,0.0,2014-04-10 12:10:46,GR006609.jpg
5157740381,0.0,0.0,2010-11-07 15:21:30,大道芸ワールドカップ
51156310650,0.0,0.0,2021-05-03 10:40:08,静岡
51154521752,0.0,0.0,2021-05-03 09:47:30,静岡
51156314110,0.0,0.0,2021-05-03 10:25:05,静岡
51155448633,0.0,0.0,2021-05-03 11:11:37,静岡
51156318670,0.0,0.0,2021-05-03 12:56:26,静岡
51154536232,0.0,0.0,2021-05-03 10:26:39,静岡
51155205676,0.0,0.0,2021-05-03 10:25:02,静岡
51155446583,0.0,0.0,2021-05-03 11:55:38,静岡
51155442398,0.0,0.0,2021-05-03 10:21:46,静岡
51156314680,0.0,0.0,2021-05-03 10:24:31,静岡
51154530777,0.0,0.0,2021-05-03 11:09:06,静岡
51155204561,0.0,0.0,2021-05-03 10:28:33,静岡
51155221276,0.0,0.0,2021-05-03 14:52:32,静岡
51155992089,0.0,0.0,2021-05-03 10:25:09,静岡
51155439548,0.0,0.0,2021-05-03 10:30:15,静岡
51154536102,0.0,0.0,2021-05-03 10:26:46,静岡
51155216691,0.0,0.0,2021-05-03 16:33:50,静岡
51155205926,0.0,0.0,2021-05-03 10:24:37,静岡
51155993519,0.0,0.0,2021-05-03 10:23:38,静岡
51156302580,0.0,0.0,2021-05-02 20:15:16,静岡
51155451543,0.0,0.0,2021-05-03 16:26:16,静岡
51156006639,0.0,0.0,2021-05-03 15:00:54,静岡
51155204056,0.0,0.0,2021-05-03 10:33:00,静岡
51156008504,0.0,0.0,2021-05-03 14:32:53,静岡
51156302445,0.0,0.0,2021-05-02 20:15:19,静岡
51155204471,0.0,0.0,2021-05-03 10:28:39,静岡
51154548722,0.0,0.0,2021-05-03 15:49:22,静岡
51154537012,0.0,0.0,2021-05-03 10:24:34,静岡
51155988819,0.0,0.0,2021-05-03 10:39:54,静岡
51154553167,0.0,0.0,2021-05-03 14:25:25,静岡
51156308995,0.0,0.0,2021-05-03 10:46:12,静岡
51155452543,0.0,0.0,2021-05-03 15:52:20,静岡
51155445728,0.0,0.0,2021-05-03 12:56:21,静岡
51155205161,0.0,0.0,2021-05-03 10:26:43,静岡
51155997969,0.0,0.0,2021-05-03 12:13:38,静岡
51155977459,0.0,0.0,2021-05-03 09:03:34,静岡
51155438863,0.0,0.0,2021-05-03 10:35:30,静岡
51155222296,0.0,0.0,2021-05-03 14:32:28,静岡
51155456273,0.0,0.0,2021-05-03 14:46:15,静岡
51156313235,0.0,0.0,2021-05-03 10:28:27,静岡
51155438598,0.0,0.0,2021-05-03 10:36:41,静岡
51155999854,0.0,0.0,2021-05-03 11:27:03,静岡
51155447463,0.0,0.0,2021-05-03 11:53:40,静岡
51155207366,0.0,0.0,2021-05-03 10:20:03,静岡
51156330020,0.0,0.0,2021-05-03 14:26:36,静岡
51155455983,0.0,0.0,2021-05-03 14:51:53,静岡
51156302025,0.0,0.0,2021-05-02 20:17:44,静岡
51155213466,0.0,0.0,2021-05-03 11:14:38,静岡
51155223126,0.0,0.0,2021-05-03 13:22:33,静岡
51154542477,0.0,0.0,2021-05-03 11:55:48,静岡
51155192231,0.0,0.0,2021-05-03 08:58:57,静岡
51154550487,0.0,0.0,2021-05-03 15:01:04,静岡
51155979714,0.0,0.0,2021-05-02 20:17:47,静岡
51155205771,0.0,0.0,2021-05-03 10:24:57,静岡
51156302125,0.0,0.0,2021-05-02 20:17:42,静岡
51154535977,0.0,0.0,2021-05-03 10:27:01,静岡
51155989249,0.0,0.0,2021-05-03 10:37:29,静岡
51155193816,0.0,0.0,2021-05-02 20:15:24,静岡
51154552762,0.0,0.0,2021-05-03 14:27:22,静岡
51155222676,0.0,0.0,2021-05-03 14:25:34,静岡
51154551552,0.0,0.0,2021-05-03 14:52:58,静岡
51154523887,0.0,0.0,2021-05-03 08:57:06,静岡
51155456138,0.0,0.0,2021-05-03 14:50:08,静岡
51155447963,0.0,0.0,2021-05-03 11:27:05,静岡
51155997069,0.0,0.0,2021-05-03 11:53:17,静岡
51156299975,0.0,0.0,2021-05-03 09:06:07,静岡
51155456228,0.0,0.0,2021-05-03 14:49:18,静岡
51156009394,0.0,0.0,2021-05-03 13:22:55,静岡
51155203991,0.0,0.0,2021-05-03 10:33:03,静岡
51155436648,0.0,0.0,2021-05-03 10:41:25,静岡
51154548907,0.0,0.0,2021-05-03 15:40:30,静岡
51156008579,0.0,0.0,2021-05-03 14:32:48,静岡
51155193146,0.0,0.0,2021-05-03 08:57:22,静岡
51154523602,0.0,0.0,2021-05-03 08:57:45,静岡
51155977889,0.0,0.0,2021-05-03 09:00:46,静岡
51155219016,0.0,0.0,2021-05-03 15:04:32,静岡
51154541237,0.0,0.0,2021-05-03 12:56:29,静岡
51154524177,0.0,0.0,2021-05-03 08:55:44,静岡
51155222026,0.0,0.0,2021-05-03 14:35:02,静岡
51155992729,0.0,0.0,2021-05-03 10:24:27,静岡
51154523557,0.0,0.0,2021-05-03 08:57:49,静岡
51156309250,0.0,0.0,2021-05-03 10:44:44,静岡
51155990319,0.0,0.0,2021-05-03 10:33:13,静岡
51155988724,0.0,0.0,2021-05-03 10:39:57,静岡
51154524432,0.0,0.0,2021-05-02 20:15:31,静岡
51155451218,0.0,0.0,2021-05-03 16:33:59,静岡
51154533952,0.0,0.0,2021-05-03 10:37:24,静岡
51155998854,0.0,0.0,2021-05-03 11:54:59,静岡
51155200666,0.0,0.0,2021-05-03 10:46:08,静岡
51154548557,0.0,0.0,2021-05-03 15:52:02,静岡
51155452223,0.0,0.0,2021-05-03 16:24:27,静岡
51155456633,0.0,0.0,2021-05-03 14:34:27,静岡
51155428078,0.0,0.0,2021-05-03 08:57:34,静岡
51156326415,0.0,0.0,2021-05-03 15:32:13,静岡
51154537372,0.0,0.0,2021-05-03 10:24:05,静岡
51156308650,0.0,0.0,2021-05-03 10:25:13,静岡
51156326120,0.0,0.0,2021-05-03 15:35:07,静岡
51155211336,0.0,0.0,2021-05-03 12:13:44,静岡
51154552297,0.0,0.0,2021-05-03 14:35:27,静岡
51155221771,0.0,0.0,2021-05-03 14:37:04,静岡
51155454493,0.0,0.0,2021-05-03 15:01:06,静岡
51156299350,0.0,0.0,2021-05-03 09:47:33,静岡
51155217261,0.0,0.0,2021-05-03 16:25:57,静岡
51155219201,0.0,0.0,2021-05-03 15:04:18,静岡
51156320530,0.0,0.0,2021-05-03 11:54:55,静岡
51154543437,0.0,0.0,2021-05-03 11:53:35,静岡
51155440268,0.0,0.0,2021-05-03 10:26:54,静岡
51154535612,0.0,0.0,2021-05-03 10:28:30,静岡
51154549487,0.0,0.0,2021-05-03 15:04:39,静岡
51155451393,0.0,0.0,2021-05-03 14:32:19,静岡
51154551072,0.0,0.0,2021-05-03 14:54:16,静岡
51156312315,0.0,0.0,2021-05-03 10:33:09,静岡
51155436348,0.0,0.0,2021-05-03 10:42:04,静岡
51155999464,0.0,0.0,2021-05-03 11:53:20,静岡
51155992449,0.0,0.0,2021-05-03 10:24:51,静岡
51154537502,0.0,0.0,2021-05-03 10:24:01,静岡
51155455923,0.0,0.0,2021-05-03 14:52:19,静岡
51156301040,0.0,0.0,2021-05-03 08:58:14,静岡
51155454138,0.0,0.0,2021-05-03 15:01:12,静岡
51156329155,0.0,0.0,2021-05-03 14:50:43,静岡
51155212031,0.0,0.0,2021-05-03 11:55:32,静岡
51156310295,0.0,0.0,2021-05-03 10:41:18,静岡
51154522657,0.0,0.0,2021-05-03 09:00:39,静岡
51156299725,0.0,0.0,2021-05-03 09:17:22,静岡
51154544032,0.0,0.0,2021-05-03 11:13:11,静岡
51155989309,0.0,0.0,2021-05-03 10:37:26,静岡
51156331110,0.0,0.0,2021-05-03 13:10:37,静岡
51155456448,0.0,0.0,2021-05-03 14:35:41,静岡
51155426708,0.0,0.0,2021-05-03 09:01:40,静岡
51155222566,0.0,0.0,2021-05-03 14:25:37,静岡
51155435458,0.0,0.0,2021-05-03 10:46:15,静岡
51154550792,0.0,0.0,2021-05-03 15:00:06,静岡
51156325845,0.0,0.0,2021-05-03 15:51:44,静岡
51156328095,0.0,0.0,2021-05-03 15:00:43,静岡
51154547297,0.0,0.0,2021-05-03 15:03:10,静岡
51155980039,0.0,0.0,2021-05-02 20:15:21,静岡
51155439613,0.0,0.0,2021-05-03 10:30:10,静岡
51154547682,0.0,0.0,2021-05-03 16:26:08,静岡
51156315130,0.0,0.0,2021-05-03 10:23:59,静岡
51154543207,0.0,0.0,2021-05-03 11:54:47,静岡
51155218541,0.0,0.0,2021-05-03 15:34:00,静岡
51154533227,0.0,0.0,2021-05-03 10:40:00,静岡
51156328825,0.0,0.0,2021-05-03 14:53:01,静岡
51155203546,0.0,0.0,2021-05-03 10:35:36,静岡
51155998444,0.0,0.0,2021-05-03 11:55:30,静岡
51156299060,0.0,0.0,2021-05-03 10:10:54,静岡
51154551342,0.0,0.0,2021-05-03 14:53:55,静岡
51156301165,0.0,0.0,2021-05-03 08:58:05,静岡
51155989019,0.0,0.0,2021-05-03 10:39:46,静岡
51155987774,0.0,0.0,2021-05-03 10:41:30,静岡
51155436438,0.0,0.0,2021-05-03 10:41:33,静岡
51154550892,0.0,0.0,2021-05-03 14:58:12,静岡
51154531082,0.0,0.0,2021-05-03 10:52:26,静岡
51155191031,0.0,0.0,2021-05-03 09:25:37,静岡
51155988294,0.0,0.0,2021-05-03 10:40:11,静岡
51155428003,0.0,0.0,2021-05-03 08:57:38,静岡
51156319255,0.0,0.0,2021-05-03 12:14:01,静岡
51156299550,0.0,0.0,2021-05-03 09:25:43,静岡
51156325720,0.0,0.0,2021-05-03 15:52:17,静岡
51155997589,0.0,0.0,2021-05-03 12:19:38,静岡
51156299890,0.0,0.0,2021-05-03 09:06:48,静岡
51155203506,0.0,0.0,2021-05-03 10:36:19,静岡
51155998184,0.0,0.0,2021-05-03 11:59:44,静岡
51156321775,0.0,0.0,2021-05-03 11:12:34,静岡
51154523462,0.0,0.0,2021-05-03 08:58:02,静岡
51156300835,0.0,0.0,2021-05-03 08:58:53,静岡
51155217371,0.0,0.0,2021-05-03 16:25:42,静岡
51155201941,0.0,0.0,2021-05-03 10:40:14,静岡
51155457463,0.0,0.0,2021-05-03 13:23:32,静岡
51155988099,0.0,0.0,2021-05-03 10:40:19,静岡
51155442298,0.0,0.0,2021-05-03 10:21:52,静岡
51155206286,0.0,0.0,2021-05-03 10:24:18,静岡
51155222466,0.0,0.0,2021-05-03 14:26:33,静岡
51156321200,0.0,0.0,2021-05-03 11:47:39,静岡
51155439073,0.0,0.0,2021-05-03 10:35:19,静岡
51155438408,0.0,0.0,2021-05-03 10:36:55,静岡
51155990584,0.0,0.0,2021-05-03 10:31:28,静岡
51155977724,0.0,0.0,2021-05-03 09:01:43,静岡
51156009249,0.0,0.0,2021-05-03 13:23:33,静岡
51156309325,0.0,0.0,2021-05-03 10:42:34,静岡
51155191516,0.0,0.0,2021-05-03 09:02:53,静岡
51155457733,0.0,0.0,2021-05-03 13:22:25,静岡
51155457863,0.0,0.0,2021-05-03 13:21:23,静岡
51156329570,0.0,0.0,2021-05-03 14:35:22,静岡
51155221221,0.0,0.0,2021-05-03 14:52:38,静岡
51154550987,0.0,0.0,2021-05-03 14:54:31,静岡
51155219686,0.0,0.0,2021-05-03 15:01:08,静岡
51156005314,0.0,0.0,2021-05-03 15:04:52,静岡
51154548797,0.0,0.0,2021-05-03 15:48:20,静岡
51155451928,0.0,0.0,2021-05-03 16:26:00,静岡
51154547757,0.0,0.0,2021-05-03 16:26:05,静岡
51155214081,0.0,0.0,2021-05-03 11:09:09,静岡
51155999679,0.0,0.0,2021-05-03 11:42:06,静岡
51156321065,0.0,0.0,2021-05-03 11:47:44,静岡
51155998699,0.0,0.0,2021-05-03 11:55:01,静岡
51155446863,0.0,0.0,2021-05-03 11:55:11,静岡
51154541722,0.0,0.0,2021-05-03 12:19:40,静岡
51155210986,0.0,0.0,2021-05-03 12:25:48,静岡
51154537792,0.0,0.0,2021-05-03 10:23:57,静岡
51156313975,0.0,0.0,2021-05-03 10:25:18,静岡
51155991419,0.0,0.0,2021-05-03 10:27:06,静岡
51155439718,0.0,0.0,2021-05-03 10:28:44,静岡
51156312910,0.0,0.0,2021-05-03 10:28:47,静岡
51155204171,0.0,0.0,2021-05-03 10:31:25,静岡
51155203791,0.0,0.0,2021-05-03 10:35:16,静岡
51155990134,0.0,0.0,2021-05-03 10:35:22,静岡
51155438938,0.0,0.0,2021-05-03 10:35:26,静岡
51155203431,0.0,0.0,2021-05-03 10:36:31,静岡
51156311645,0.0,0.0,2021-05-03 10:36:44,静岡
51155203086,0.0,0.0,2021-05-03 10:36:59,静岡
51154533722,0.0,0.0,2021-05-03 10:39:20,静岡
51155989079,0.0,0.0,2021-05-03 10:39:42,静岡
51155437748,0.0,0.0,2021-05-03 10:39:49,静岡
51156310710,0.0,0.0,2021-05-03 10:40:03,静岡
51156310650,0.0,0.0,2021-05-03 10:40:08,静岡
51155436233,0.0,0.0,2021-05-03 10:42:09,静岡
51156309640,0.0,0.0,2021-05-03 10:42:12,静岡
51155436058,0.0,0.0,2021-05-03 10:42:18,静岡
51155201001,0.0,0.0,2021-05-03 10:42:20,静岡
51155986259,0.0,0.0,2021-05-03 10:36:30,静岡
51156301865,0.0,0.0,2021-05-03 08:55:51,静岡
51155428348,0.0,0.0,2021-05-03 08:56:12,静岡
51155979464,0.0,0.0,2021-05-03 08:56:23,静岡
51156301120,0.0,0.0,2021-05-03 08:58:09,静岡
51154522897,0.0,0.0,2021-05-03 08:59:55,静岡
51155978164,0.0,0.0,2021-05-03 09:00:32,静岡
51155192016,0.0,0.0,2021-05-03 09:00:37,静岡
51156300220,0.0,0.0,2021-05-03 09:02:22,静岡
51156299790,0.0,0.0,2021-05-03 09:14:57,静岡
51154521822,0.0,0.0,2021-05-03 09:26:14,静岡
51156299220,0.0,0.0,2021-05-03 08:59:47,静岡
3173953682,0.0,0.0,2009-01-02 08:51:23,静岡
534030249,0.0,0.0,2007-06-07 11:04:47,静岡
7171955365,0.0,0.0,2001-02-02 12:58:38,静岡
534216192,34.98008,138.38808,2007-06-02 15:38:05,静岡
7357169832,0.0,0.0,2001-02-02 12:54:53,静岡
7357169744,0.0,0.0,2001-02-02 11:56:26,静岡
7171955159,0.0,0.0,2001-02-02 11:40:48,静岡
7357169582,0.0,0.0,2001-02-02 11:40:17,静岡
24014611058,0.0,0.0,2017-10-22 11:03:18,静岡
49198297168,35.167739,138.149557,2019-11-03 14:07:16,After the rain
24693141332,0.0,0.0,2016-01-25 13:30:25,見晴らしの良い席
26982774031,0.0,0.0,2016-05-14 16:44:01,「今日は楽しかったね〜＾＾」
3670553799,0.0,0.0,2009-06-28 20:48:58,奇跡の生しらす＠静岡
8376795602,0.0,0.0,2013-01-13 23:15:52,奥浜名湖の夕景♡　- 静岡　奥浜名湖展望公園 -
8376795380,0.0,0.0,2013-01-13 23:15:47,奥浜名湖の夕景♡　- 静岡　奥浜名湖展望公園 -
46100191255,0.0,0.0,2018-11-08 13:05:55,静岡
49679513797,0.0,0.0,2020-02-07 13:50:25,静岡
49658922086,0.0,0.0,2020-02-07 12:49:33,静岡
2767153892,0.0,0.0,2008-08-15 19:50:26,静岡 浜松郵便局 風景印
49666453292,0.0,0.0,2020-02-07 13:51:44,静岡
14783002063,0.0,0.0,2014-05-20 13:01:03,カメラ目線
3822990831,0.0,0.0,2009-08-15 09:56:08,カフェ
27030562285,0.0,0.0,2015-09-21 18:06:28,静岡
5153403127,0.0,0.0,2010-11-07 14:21:03,駿河竹千筋細工（静岡）
210773892,0.0,0.0,2006-08-05 13:54:33,静岡
38316805515,0.0,0.0,2017-12-21 02:45:01,静岡   写ルンです
8376795212,0.0,0.0,2013-01-13 23:15:43,奥浜名湖の夕景♡　- 静岡　奥浜名湖展望公園 -
28081930915,0.0,0.0,2016-06-26 11:11:12,2016-06-26_11-11-16
32171707560,0.0,0.0,2017-01-02 11:55:48,Numazu
6546654359,0.0,0.0,2011-12-20 09:35:50,fuji
33747799438,34.971821,138.836116,2019-03-31 18:13:34,twilight
31912347145,0.0,0.0,2016-07-01 06:16:19,P1010047
5588371611,35.051286,138.095444,2011-04-03 13:56:28,Train under a big sakura tree
23260620613,0.0,0.0,2015-12-21 05:10:16,静岡
37910995566,35.098282,138.858947,2014-06-01 00:00:00,沼津のにゃん05 (静岡-沼津)
4142171175,0.0,0.0,2009-11-29 13:50:15,富士山 Fuji
15551837660,0.0,0.0,2014-09-20 17:55:38,夕陽と秋桜
5234379924,35.092945,138.93671,2010-12-05 15:01:20,Mt. Fuji and Series 7000
31764219012,0.0,0.0,2016-07-01 05:55:26,P1010021
46046828914,0.0,0.0,2019-01-17 13:00:36,L1330522C
16916543931,0.0,0.0,2015-03-24 11:08:32,"Mt.Fuji,Japan"
38620203494,0.0,0.0,2017-12-26 17:06:10,Fuji World Heritage Center / 静岡県富士山世界遺産センター (2017)
38450828925,0.0,0.0,2017-12-26 17:03:23,Fuji World Heritage Center / 静岡県富士山世界遺産センター (2017)
15877045758,0.0,0.0,2014-09-22 15:22:19,DSCF3244
31874714336,0.0,0.0,2016-07-01 06:02:22,P1010028
31102818713,0.0,0.0,2016-07-01 06:01:33,P1010024
24288646566,0.0,0.0,2015-12-20 09:20:16,ねこ温泉
31912246605,0.0,0.0,2016-07-01 06:10:34,P1010035
34152306584,0.0,0.0,2017-05-06 12:36:47,Model:ナナイさん
27979487472,0.0,0.0,2016-06-26 09:22:01,2016-06-26_09-22-02
6546647627,0.0,0.0,2011-12-20 09:17:49,shimizu shizuoka  静岡
5588371487,34.962291,138.086119,2011-04-03 13:24:55,Flower station
37254745634,35.098282,138.858947,2014-06-01 00:00:00,沼津のにゃん04 (静岡-沼津)
31795446401,0.0,0.0,2016-07-01 06:13:54,P1010043
55177880,0.0,0.0,2005-10-15 11:55:56,うなぎ石橋@静岡(2005-10-15)
34184552483,0.0,0.0,2017-05-06 12:28:55,Model:ナナイさん
31912268005,0.0,0.0,2016-07-01 06:11:44,P1010037
26992326736,0.0,0.0,2016-05-15 08:41:39,グランシップトレインフェスタ2016
15442189074,0.0,0.0,2014-09-22 15:35:15,DSCF3247
25459162978,0.0,0.0,2017-12-26 16:28:18,Fuji World Heritage Center / 静岡県富士山世界遺産センター (2017)
97058051,0.0,0.0,2005-01-03 12:11:59,富士山
28081931705,0.0,0.0,2016-06-26 11:11:20,2016-06-26_11-11-22
6546652763,0.0,0.0,2011-12-20 09:24:18,shimizu shizuoka  静岡
31298056525,0.0,0.0,2016-11-26 12:23:18,IMG_5265
38991402045,0.0,0.0,2018-01-13 13:31:03,Kunouzan Toshogu
8970272108,0.0,0.0,2011-08-06 11:21:07,鶏さん＠静岡・浅間大社。
3140086469,34.972062,138.390569,2008-12-27 18:06:31,静岡
4300321952,0.0,0.0,2010-01-24 08:24:52,富士山
16165861965,0.0,0.0,2014-12-31 19:00:13,SDIM1275
5588370973,34.95008,138.085725,2011-04-03 11:17:36,Series 21001 of Oigawa railway
31912321185,0.0,0.0,2016-07-01 06:14:54,P1010044
8162986648,0.0,0.0,2012-10-07 10:18:06,_MG_5959
5588963730,34.953336,138.087661,2011-04-03 08:49:08,Series 21001 departed Nukuri station
14382479606,0.0,0.0,2014-04-10 14:14:52,GR006648
6463262597,0.0,0.0,2011-12-05 10:15:36,ikawa shizuoka 静岡　落合？井川線
4695959077,0.0,0.0,2010-06-12 22:57:33,対岸の光
23494477018,0.0,0.0,2017-09-24 16:20:12,三島大社 @静岡
26422169123,0.0,0.0,2016-05-14 10:15:14,グランシップトレインフェスタ2016
8162954523,0.0,0.0,2012-10-07 00:56:48,_MG_5825
14405634375,0.0,0.0,2014-04-10 15:04:02,GR006704
8703395195,0.0,0.0,2013-05-02 10:11:23,竹林＠静岡市丸子　2013年5月2日10:11
8162988850,0.0,0.0,2012-10-06 17:55:47,_MG_5729
28909362157,0.0,0.0,2014-02-07 12:38:04,MOA Museum of Art
31874764006,0.0,0.0,2016-07-01 06:04:27,P1010031
27979488082,0.0,0.0,2016-06-26 09:30:59,2016-06-26_09-31-38
13789529403,0.0,0.0,2014-04-10 11:01:26,GR006581.jpg
5613134304,0.0,0.0,2011-04-12 14:16:30,Sakura
8162987322,0.0,0.0,2012-10-07 01:28:28,_MG_5851
13789843004,0.0,0.0,2014-04-10 12:01:53,GR006604.jpg
5586180558,0.0,0.0,2011-03-29 14:42:52,富士山こどもの国
8162985216,0.0,0.0,2012-10-06 17:42:16,_MG_5709
28081923285,0.0,0.0,2016-06-26 09:56:25,2016-06-26_09-56-28
7241085458,35.001422,138.442702,2012-05-19 13:08:02,Series 1000 exchanging near Kusanagi
5674994603,0.0,0.0,2011-04-29 14:51:39,DSC_4340
34607488000,0.0,0.0,2017-05-06 12:54:27,Model:ナナイさん
8162988190,0.0,0.0,2012-10-07 01:21:17,_MG_5835
5501945517,34.79008,137.612427,2011-03-06 15:49:07,Hamanako lake from Sunza station
5234379642,0.0,0.0,2010-12-05 14:44:38,Mt. Fuji and Izu-Hakone 1300
32397385811,0.0,0.0,2016-12-16 15:16:34,静岡 久能山東照宮
6463354439,0.0,0.0,2011-12-05 10:35:04,ikawa shizuoka 静岡　落合？井川線
57161461,0.0,0.0,2005-10-15 13:26:25,三保の松原@静岡(2005-10-15)
13789846684,0.0,0.0,2014-04-10 12:02:50,GR006605.jpg
13755405825,0.0,0.0,2014-04-10 15:18:50,GR006720
31874911706,0.0,0.0,2016-07-01 06:12:59,P1010041
16062554681,0.0,0.0,2014-09-21 11:20:28,思い出
5157727093,0.0,0.0,2010-11-07 11:42:48,大道芸ワールドカップ
34995327415,0.0,0.0,2017-05-06 13:02:50,Model:ナナイさん
5588371249,34.962291,138.086119,2011-04-03 12:21:08,Train running in colorful flowers
5158351308,0.0,0.0,2010-11-07 15:28:09,大道芸ワールドカップ
5158344432,0.0,0.0,2010-11-07 14:01:32,大道芸ワールドカップ
6290923604,0.0,0.0,2011-10-29 14:27:56,海
5158247884,0.0,0.0,2010-11-06 13:37:29,大道芸ワールドカップ2010
4650376860,0.0,0.0,2008-10-19 12:32:55,ED501 and Wamu at Hina station
13789851364,0.0,0.0,2014-04-10 12:09:39,GR006608.jpg
15444835733,0.0,0.0,2014-09-22 15:06:54,DSCF3233
16038705336,0.0,0.0,2014-09-21 11:35:51,チョコ
5158351936,0.0,0.0,2010-11-07 15:28:25,大道芸ワールドカップ
15129517866,0.0,0.0,2014-08-31 11:02:45,伊東駅
5157725579,0.0,0.0,2010-11-07 11:41:58,大道芸ワールドカップ
6463435369,0.0,0.0,2011-12-05 10:44:17,ikawa shizuoka 静岡　落合？井川線
16151343492,0.0,0.0,2014-12-30 15:59:23,千本浜1
5158352254,0.0,0.0,2010-11-07 16:13:33,大道芸ワールドカップ
7911333110,35.103,138.6665,2012-09-02 12:35:31,静岡駅前
5157731447,0.0,0.0,2010-11-07 13:00:44,大道芸ワールドカップ
5157727535,0.0,0.0,2010-11-07 11:42:52,大道芸ワールドカップ
15149562741,0.0,0.0,2014-08-31 10:13:45,伊東線
5157745507,0.0,0.0,2010-11-07 17:50:52,大道芸ワールドカップ
5157736399,0.0,0.0,2010-11-07 14:17:44,大道芸ワールドカップ
7848397282,0.0,0.0,2012-08-14 17:49:07,お風呂
15546092693,0.0,0.0,2014-12-31 19:09:07,SDIM1289
5158335408,0.0,0.0,2010-11-07 11:42:01,大道芸ワールドカップ
15152582045,0.0,0.0,2014-08-31 13:09:28,城ヶ崎海岸の松
37782218636,34.903882,139.095668,2014-07-01 00:00:00,一碧湖02 (静岡-伊豆)
5157724019,0.0,0.0,2010-11-07 11:17:05,大道芸ワールドカップ
5157723845,0.0,0.0,2010-11-07 11:16:58,大道芸ワールドカップ
39726312960,0.0,0.0,2018-04-18 02:23:53,IZU_Skyline-1
15129541626,0.0,0.0,2014-08-31 12:54:06,城ヶ崎ピクニカルコース
26148249699,34.903882,139.095668,2014-07-01 00:00:00,鰻 (静岡-伊豆)
16126311736,0.0,0.0,2014-12-30 13:37:04,沼津御用邸
27801321840,0.0,0.0,2016-06-26 09:21:32,2016-06-26_09-21-36
5158333836,0.0,0.0,2010-11-07 11:20:54,大道芸ワールドカップ
5158241372,0.0,0.0,2010-11-06 11:53:32,大道芸ワールドカップ2010
5157744629,0.0,0.0,2010-11-07 16:47:51,大道芸ワールドカップ
13789521705,0.0,0.0,2014-04-10 12:10:46,GR006609.jpg
5157740381,0.0,0.0,2010-11-07 15:21:30,大道芸ワールドカップ
5157744023,0.0,0.0,2010-11-07 16:42:22,大道芸ワールドカップ
5158348572,0.0,0.0,2010-11-07 14:19:45,大道芸ワールドカップ
5157740787,0.0,0.0,2010-11-07 15:27:05,大道芸ワールドカップ
5158346806,0.0,0.0,2010-11-07 14:19:06,大道芸ワールドカップ
5158350970,0.0,0.0,2010-11-07 15:28:07,大道芸ワールドカップ
6463332079,0.0,0.0,2011-12-05 10:27:38,ikawa shizuoka 静岡　落合？井川線
31183034971,0.0,0.0,2016-11-26 12:23:38,IMG_5266
5158350500,0.0,0.0,2010-11-07 15:27:40,大道芸ワールドカップ
5157732891,0.0,0.0,2010-11-07 13:17:41,大道芸ワールドカップ
5157726669,0.0,0.0,2010-11-07 11:42:47,大道芸ワールドカップ
5157744309,0.0,0.0,2010-11-07 16:42:35,大道芸ワールドカップ
5157724859,0.0,0.0,2010-11-07 11:22:13,大道芸ワールドカップ
5157738623,0.0,0.0,2010-11-07 14:19:44,大道芸ワールドカップ
30929922180,0.0,0.0,2016-11-26 12:15:16,IMG_5251
5157733291,0.0,0.0,2010-11-07 13:49:17,大道芸ワールドカップ
14965921930,0.0,0.0,2014-08-31 13:26:02,城ヶ崎海岸波打ち
5284903241,0.0,0.0,2010-12-18 14:27:38,ED501
15878727907,0.0,0.0,2014-09-20 17:42:53,絵のような青
5158340304,0.0,0.0,2010-11-07 12:59:23,大道芸ワールドカップ
5157728027,0.0,0.0,2010-11-07 11:54:35,大道芸ワールドカップ
6463306915,0.0,0.0,2011-12-05 10:27:03,ikawa shizuoka 静岡　落合？井川線
5157659105,0.0,0.0,2010-11-06 19:05:07,大道芸ワールドカップ2010 Shirley Dean
5158341928,0.0,0.0,2010-11-07 13:08:46,大道芸ワールドカップ
5157657005,0.0,0.0,2010-11-06 17:13:04,大道芸ワールドカップ2010
5157734117,0.0,0.0,2010-11-07 13:54:36,大道芸ワールドカップ
15532364243,0.0,0.0,2014-12-30 15:12:14,びゅうお
16670134966,0.0,0.0,2015-03-02 13:39:23,DSC_3748.jpg
